id,age
1,24.668821
2,19.086489
3,18.351332
4,20.43825
5,22.717564
6,23.613379
7,44.321823
8,39.27758
9,45.609646
10,59.143345
11,65.64745
12,66.76102
13,72.38603
14,66.36529
15,15.914827
16,18.5743
17,16.242485
18,33.26451
19,22.74307
20,27.73098
21,46.97158
22,58.94708
23,50.658524
24,67.75148
25,48.500248
26,53.125446
27,54.314137
28,57.50042
